timestamp,outdoor_temp_c
2025-01-13 00:00:00,-7.955017548875226
2025-01-13 00:15:00,-7.825828151022698
2025-01-13 00:30:00,-7.4206209404898305
2025-01-13 00:45:00,-6.050323883632476
2025-01-13 01:00:00,-5.109834018503938
2025-01-13 01:15:00,-4.495288603290813
2025-01-13 01:30:00,-5.0462089167483635
2025-01-13 01:45:00,-6.321900603544086
2025-01-13 02:00:00,-5.845005161234633
2025-01-13 02:15:00,-6.4411761179694205
2025-01-13 02:30:00,-5.384640466499423
2025-01-13 02:45:00,-5.104198875336345
2025-01-13 03:00:00,-5.970565769050689
2025-01-13 03:15:00,-5.561424319124466
2025-01-13 03:30:00,-4.627359282411013
2025-01-13 03:45:00,-4.362581840153935
2025-01-13 04:00:00,-5.248840197595349
2025-01-13 04:15:00,-4.821383776832086
2025-01-13 04:30:00,-4.287354390363251
2025-01-13 04:45:00,-3.2054267514095613
2025-01-13 05:00:00,-2.287781049472044
2025-01-13 05:15:00,-3.3588919164112356
2025-01-13 05:30:00,-3.8717983232938002
2025-01-13 05:45:00,-3.023516609793778
2025-01-13 06:00:00,-4.971900669559295
2025-01-13 06:15:00,-3.8424154050431776
2025-01-13 06:30:00,-4.7004485722698846
2025-01-13 06:45:00,-5.00627932792759
2025-01-13 07:00:00,-3.0522840261611783
2025-01-13 07:15:00,-2.9983980313821776
2025-01-13 07:30:00,-3.2268181414330566
2025-01-13 07:45:00,-2.7395960806363506
2025-01-13 08:00:00,-2.724680659621617
2025-01-13 08:15:00,-3.345898355119131
2025-01-13 08:30:00,-2.883936862343347
2025-01-13 08:45:00,-0.18054844822891525
2025-01-13 09:00:00,0.9253818455016871
2025-01-13 09:15:00,1.3967547682935155
2025-01-13 09:30:00,1.6248646854865871
2025-01-13 09:45:00,2.486210190693275
2025-01-13 10:00:00,3.0903238119639127
2025-01-13 10:15:00,1.8820227931752802
2025-01-13 10:30:00,2.3637945730780077
2025-01-13 10:45:00,2.2678761355937977
2025-01-13 11:00:00,4.163637237173722
2025-01-13 11:15:00,3.6434458475121723
2025-01-13 11:30:00,4.89429872274239
2025-01-13 11:45:00,3.1825353673318686
2025-01-13 12:00:00,3.306076266754273
2025-01-13 12:15:00,2.182397568037567
2025-01-13 12:30:00,0.9026370456984809
2025-01-13 12:45:00,1.6684077204743293
2025-01-13 13:00:00,0.2587962868381801
2025-01-13 13:15:00,-0.08023283430275896
2025-01-13 13:30:00,-1.0939737959118905
2025-01-13 13:45:00,-0.7548680564859775
2025-01-13 14:00:00,-0.5909815876216415
2025-01-13 14:15:00,-3.3812293601180157
2025-01-13 14:30:00,-2.6085470488463667
2025-01-13 14:45:00,-3.4632191123009037
2025-01-13 15:00:00,-1.1511331293874472
2025-01-13 15:15:00,-0.31803467147828757
2025-01-13 15:30:00,0.5446655460938015
2025-01-13 15:45:00,-2.622223108170409
2025-01-13 16:00:00,-0.7190770846830379
2025-01-13 16:15:00,-0.9491251254283539
2025-01-13 16:30:00,-2.8229083322796114
2025-01-13 16:45:00,-2.6577797074908966
2025-01-13 17:00:00,-1.3551750340778854
2025-01-13 17:15:00,-3.5389592053778047
2025-01-13 17:30:00,-2.491861599735218
2025-01-13 17:45:00,-3.1444871050011756
2025-01-13 18:00:00,-4.060013069860464
2025-01-13 18:15:00,-4.769563266487562
2025-01-13 18:30:00,-5.9280592472543265
2025-01-13 18:45:00,-5.8301658687855555
2025-01-13 19:00:00,-5.687610383541835
2025-01-13 19:15:00,-4.629452013832364
2025-01-13 19:30:00,-3.2090530258031156
2025-01-13 19:45:00,-3.884310958538488
2025-01-13 20:00:00,-2.8900768701828774
2025-01-13 20:15:00,-4.573481138457063
2025-01-13 20:30:00,-4.064817148818491
2025-01-13 20:45:00,-5.615504499923051
2025-01-13 21:00:00,-6.461933511885784
2025-01-13 21:15:00,-5.89653815644068
2025-01-13 21:30:00,-6.929706032932713
2025-01-13 21:45:00,-6.469796914090055
2025-01-13 22:00:00,-8.306944905410727
2025-01-13 22:15:00,-9.173811984601182
2025-01-13 22:30:00,-8.537366320660034
2025-01-13 22:45:00,-6.795715015087981
2025-01-13 23:00:00,-8.238510432621174
2025-01-13 23:15:00,-6.409371962342458
2025-01-13 23:30:00,-6.194747412486876
2025-01-13 23:45:00,-3.647920172403678
2025-01-14 00:00:00,-4.211102231800739
2025-01-14 00:15:00,-4.9699441065101855
2025-01-14 00:30:00,-4.709590098099824
2025-01-14 00:45:00,-6.08744903322517
2025-01-14 01:00:00,-5.976498173332652
2025-01-14 01:15:00,-6.077552236606383
2025-01-14 01:30:00,-4.540188748779768
2025-01-14 01:45:00,-4.210377218614478
2025-01-14 02:00:00,-5.742294485448321
2025-01-14 02:15:00,-7.248019715284409
2025-01-14 02:30:00,-8.252026246266807
2025-01-14 02:45:00,-10.476704507788885
2025-01-14 03:00:00,-12.6764593908773
2025-01-14 03:15:00,-9.776282314214539
2025-01-14 03:30:00,-10.446206925325702
2025-01-14 03:45:00,-8.590045106791205
2025-01-14 04:00:00,-9.184359826014866
2025-01-14 04:15:00,-9.340669199035204
2025-01-14 04:30:00,-10.99949245586787
2025-01-14 04:45:00,-9.08092739252333
2025-01-14 05:00:00,-9.186117127172722
2025-01-14 05:15:00,-6.856494608818512
2025-01-14 05:30:00,-7.4100682437891585
2025-01-14 05:45:00,-5.591827359307021
2025-01-14 06:00:00,-3.6163948698513617
2025-01-14 06:15:00,-5.241549213232537
2025-01-14 06:30:00,-4.476991390191212
2025-01-14 06:45:00,-5.490027692658
2025-01-14 07:00:00,-6.593561541901146
2025-01-14 07:15:00,-6.136643655520037
2025-01-14 07:30:00,-4.883473233190292
2025-01-14 07:45:00,-3.0546274302919842
2025-01-14 08:00:00,-3.3078397187910347
2025-01-14 08:15:00,-1.975454970024865
2025-01-14 08:30:00,-1.2148752296844478
2025-01-14 08:45:00,-1.169050904567162
2025-01-14 09:00:00,-2.231155266660088
2025-01-14 09:15:00,-2.0786115386867685
2025-01-14 09:30:00,2.1697483846442536
2025-01-14 09:45:00,0.9426650786662942
2025-01-14 10:00:00,0.672247720075001
2025-01-14 10:15:00,-0.44544609748896224
2025-01-14 10:30:00,1.1682271641525408
2025-01-14 10:45:00,3.202324202019615
2025-01-14 11:00:00,4.574816731146509
2025-01-14 11:15:00,6.629430666464241
2025-01-14 11:30:00,6.132695260307159
2025-01-14 11:45:00,7.725316521284604
2025-01-14 12:00:00,6.262240673287314
2025-01-14 12:15:00,7.679473184510163
2025-01-14 12:30:00,8.935533803836956
2025-01-14 12:45:00,7.60802603389798
2025-01-14 13:00:00,8.192241571206612
2025-01-14 13:15:00,6.3311003449178855
2025-01-14 13:30:00,4.162719590104594
2025-01-14 13:45:00,2.0978919571209733
2025-01-14 14:00:00,0.46034817227469826
2025-01-14 14:15:00,-1.156081679520387
2025-01-14 14:30:00,-1.484759961192653
2025-01-14 14:45:00,0.39182165272705083
2025-01-14 15:00:00,-0.2200043428890237
2025-01-14 15:15:00,-1.5254151750214753
2025-01-14 15:30:00,-0.9597480493883577
2025-01-14 15:45:00,-1.5448490573293663
2025-01-14 16:00:00,-1.7130104605763756
2025-01-14 16:15:00,-1.5245670159538411
2025-01-14 16:30:00,-1.3116430402490318
2025-01-14 16:45:00,-2.463134500787799
2025-01-14 17:00:00,-3.0469980028786714
2025-01-14 17:15:00,-2.206265641423375
2025-01-14 17:30:00,-2.982163948727982
2025-01-14 17:45:00,-3.569735685913459
2025-01-14 18:00:00,-3.4857456762753722
2025-01-14 18:15:00,-3.277641927709711
2025-01-14 18:30:00,-3.9711668026005853
2025-01-14 18:45:00,-3.5873055240574048
2025-01-14 19:00:00,-3.9102385096553816
2025-01-14 19:15:00,-5.7829255394607495
2025-01-14 19:30:00,-5.222989458897728
2025-01-14 19:45:00,-6.512174625110013
2025-01-14 20:00:00,-3.029197276198998
2025-01-14 20:15:00,-3.04368065494156
2025-01-14 20:30:00,-3.7416544242062844
2025-01-14 20:45:00,-3.0479279907817807
2025-01-14 21:00:00,-1.651902394089407
2025-01-14 21:15:00,-0.262119386667508
2025-01-14 21:30:00,-0.3885032991594022
2025-01-14 21:45:00,0.4157236624404925
2025-01-14 22:00:00,0.7463769162412666
2025-01-14 22:15:00,0.3319504873829704
2025-01-14 22:30:00,-1.9757535714401797
2025-01-14 22:45:00,-2.318899377493036
2025-01-14 23:00:00,-5.744699208745363
2025-01-14 23:15:00,-6.970922460498845
2025-01-14 23:30:00,-5.429105535810925
2025-01-14 23:45:00,-5.372015095306722
2025-01-15 00:00:00,-5.57251459147809
2025-01-15 00:15:00,-6.7454608599494605
2025-01-15 00:30:00,-7.824857286635076
2025-01-15 00:45:00,-8.633156736358455
2025-01-15 01:00:00,-10.234913411960216
2025-01-15 01:15:00,-12.797831009760774
2025-01-15 01:30:00,-11.256563778539874
2025-01-15 01:45:00,-9.03035725422281
2025-01-15 02:00:00,-9.649976721321963
2025-01-15 02:15:00,-8.53720014433071
2025-01-15 02:30:00,-9.86363398889127
2025-01-15 02:45:00,-9.20942064478029
2025-01-15 03:00:00,-10.655567314134627
2025-01-15 03:15:00,-9.259196308075028
2025-01-15 03:30:00,-8.945497075136261
2025-01-15 03:45:00,-10.226499137386082
2025-01-15 04:00:00,-9.240356863263115
2025-01-15 04:15:00,-6.965762790755359
2025-01-15 04:30:00,-6.765056236791085
2025-01-15 04:45:00,-6.616676010897553
2025-01-15 05:00:00,-6.400820933034437
2025-01-15 05:15:00,-6.0453610218581435
2025-01-15 05:30:00,-4.345972341509663
2025-01-15 05:45:00,-2.6707875283855973
2025-01-15 06:00:00,-5.150382840628015
2025-01-15 06:15:00,-3.5142432249043294
2025-01-15 06:30:00,-3.6454686985821416
2025-01-15 06:45:00,-1.5171709069712516
2025-01-15 07:00:00,-0.9363813678330031
2025-01-15 07:15:00,0.22479320335404118
2025-01-15 07:30:00,-0.43999342824521515
2025-01-15 07:45:00,-2.057944376261715
2025-01-15 08:00:00,-1.6959799523651498
2025-01-15 08:15:00,-0.4799234175275804
2025-01-15 08:30:00,0.40244906291399074
2025-01-15 08:45:00,1.296910498735389
2025-01-15 09:00:00,1.4763753916287023
2025-01-15 09:15:00,2.2371794689198437
2025-01-15 09:30:00,1.1019237726250601
2025-01-15 09:45:00,0.8380576613147244
2025-01-15 10:00:00,-1.1162160617926824
2025-01-15 10:15:00,-1.1734890085862542
2025-01-15 10:30:00,-1.5427627273230222
2025-01-15 10:45:00,-1.464650391870819
2025-01-15 11:00:00,-0.21052218615214668
2025-01-15 11:15:00,-0.20551303338147542
2025-01-15 11:30:00,-3.7770998555345425
2025-01-15 11:45:00,-2.0441093065528824
2025-01-15 12:00:00,-1.8733248708742205
2025-01-15 12:15:00,-0.9736498736079702
2025-01-15 12:30:00,-2.0173246124535424
2025-01-15 12:45:00,-1.0765655153615281
2025-01-15 13:00:00,0.6513930029567963
2025-01-15 13:15:00,-1.5082118987486237
2025-01-15 13:30:00,-0.1535063853501617
2025-01-15 13:45:00,-1.4836959386948765
2025-01-15 14:00:00,-2.564644828832266
2025-01-15 14:15:00,-2.6796550020470447
2025-01-15 14:30:00,-0.29819267390276405
2025-01-15 14:45:00,-2.733851144536971
2025-01-15 15:00:00,-3.658594718104361
2025-01-15 15:15:00,-3.7342155441435727
2025-01-15 15:30:00,-3.088269260236944
2025-01-15 15:45:00,-3.4102544554293948
2025-01-15 16:00:00,-3.078391070387924
2025-01-15 16:15:00,-4.539435312289237
2025-01-15 16:30:00,-3.7666234030972365
2025-01-15 16:45:00,-2.7071995633415655
2025-01-15 17:00:00,-4.309485978701263
2025-01-15 17:15:00,-5.46583009197062
2025-01-15 17:30:00,-5.14987014841009
2025-01-15 17:45:00,-4.9375671553822125
2025-01-15 18:00:00,-4.510117449527164
2025-01-15 18:15:00,-6.2217917633569915
2025-01-15 18:30:00,-6.858635523404104
2025-01-15 18:45:00,-7.589039124560939
2025-01-15 19:00:00,-6.062087113600781
2025-01-15 19:15:00,-6.367221796220656
2025-01-15 19:30:00,-7.15713346930016
2025-01-15 19:45:00,-8.397086750583686
2025-01-15 20:00:00,-8.483393972631616
2025-01-15 20:15:00,-7.127870526938394
2025-01-15 20:30:00,-9.156492648910408
2025-01-15 20:45:00,-9.069385490030621
2025-01-15 21:00:00,-8.509840611520309
2025-01-15 21:15:00,-6.186022393605823
2025-01-15 21:30:00,-5.557747301432718
2025-01-15 21:45:00,-4.1428811131174434
2025-01-15 22:00:00,-4.377037932478455
2025-01-15 22:15:00,-6.328051614494591
2025-01-15 22:30:00,-8.214321606520173
2025-01-15 22:45:00,-9.148148269753687
2025-01-15 23:00:00,-8.993443485824013
2025-01-15 23:15:00,-9.348525255161132
2025-01-15 23:30:00,-9.893077442609641
2025-01-15 23:45:00,-7.644897793508068
2025-01-16 00:00:00,-10.584891215996288
2025-01-16 00:15:00,-11.73716532748816
2025-01-16 00:30:00,-8.653114100405372
2025-01-16 00:45:00,-8.232376097389889
2025-01-16 01:00:00,-9.004236176865549
2025-01-16 01:15:00,-10.270046612949264
2025-01-16 01:30:00,-9.123455238931117
2025-01-16 01:45:00,-8.147333876927833
2025-01-16 02:00:00,-7.069730034362067
2025-01-16 02:15:00,-8.580605666561388
2025-01-16 02:30:00,-8.267853547747615
2025-01-16 02:45:00,-8.385055627644862
2025-01-16 03:00:00,-7.6776440662292735
2025-01-16 03:15:00,-9.483061147434505
2025-01-16 03:30:00,-8.505572062913023
2025-01-16 03:45:00,-6.422298432890839
2025-01-16 04:00:00,-7.94613694340082
2025-01-16 04:15:00,-6.659349038681539
2025-01-16 04:30:00,-4.453506690754668
2025-01-16 04:45:00,-3.296829763043562
2025-01-16 05:00:00,-3.3156040974344956
2025-01-16 05:15:00,-3.103046686642131
2025-01-16 05:30:00,-3.689180778939903
2025-01-16 05:45:00,-3.323053951492619
2025-01-16 06:00:00,-4.493323744952464
2025-01-16 06:15:00,-4.26647431684244
2025-01-16 06:30:00,-5.127556389115508
2025-01-16 06:45:00,-6.677278941160312
2025-01-16 07:00:00,-4.561132187034625
2025-01-16 07:15:00,-6.6144034342956335
2025-01-16 07:30:00,-4.140507234244093
2025-01-16 07:45:00,-6.599428058604634
2025-01-16 08:00:00,-5.148993038625724
2025-01-16 08:15:00,-4.67668949798637
2025-01-16 08:30:00,-6.419810712929273
2025-01-16 08:45:00,-6.727166744474248
2025-01-16 09:00:00,-7.642435808302842
2025-01-16 09:15:00,-8.432433305971639
2025-01-16 09:30:00,-6.956673297834299
2025-01-16 09:45:00,-8.059565642474226
2025-01-16 10:00:00,-10.021723827941607
2025-01-16 10:15:00,-8.196620054557627
2025-01-16 10:30:00,-7.351435664296788
2025-01-16 10:45:00,-7.027476518286025
2025-01-16 11:00:00,-7.075848820146074
2025-01-16 11:15:00,-5.939741019793959
2025-01-16 11:30:00,-5.265087956316113
2025-01-16 11:45:00,-5.22651620214168
2025-01-16 12:00:00,-5.781203024381131
2025-01-16 12:15:00,-4.2904360567326725
2025-01-16 12:30:00,-2.428115397676688
2025-01-16 12:45:00,-1.8698881731317187
2025-01-16 13:00:00,1.7190511445209995
2025-01-16 13:15:00,1.7461636210650147
2025-01-16 13:30:00,1.707730782190524
2025-01-16 13:45:00,3.2799899000249315
2025-01-16 14:00:00,3.2673864139023765
2025-01-16 14:15:00,3.1998950139969002
2025-01-16 14:30:00,2.366750334569435
2025-01-16 14:45:00,2.5780316480448446
2025-01-16 15:00:00,0.12914981887891663
2025-01-16 15:15:00,-1.0522357840831273
2025-01-16 15:30:00,-2.6179442592865607
2025-01-16 15:45:00,-5.467201980433783
2025-01-16 16:00:00,-4.197617812477793
2025-01-16 16:15:00,-4.738955370094368
2025-01-16 16:30:00,-5.937585598210392
2025-01-16 16:45:00,-5.554452029095279
2025-01-16 17:00:00,-7.1835841069515745
2025-01-16 17:15:00,-6.132211037683937
2025-01-16 17:30:00,-4.523595536189338
2025-01-16 17:45:00,-6.4662380284593794
2025-01-16 18:00:00,-5.131118667053309
2025-01-16 18:15:00,-5.070280161838822
2025-01-16 18:30:00,-3.8884947505900502
2025-01-16 18:45:00,-3.913903211315197
2025-01-16 19:00:00,-5.2167580076307845
2025-01-16 19:15:00,-7.375793881167511
2025-01-16 19:30:00,-8.84205851795795
2025-01-16 19:45:00,-9.4963178358781
2025-01-16 20:00:00,-8.223951257575893
2025-01-16 20:15:00,-7.527423788358256
2025-01-16 20:30:00,-7.272726506505589
2025-01-16 20:45:00,-5.611264224502372
2025-01-16 21:00:00,-8.06269375701168
2025-01-16 21:15:00,-9.577883685480671
2025-01-16 21:30:00,-10.976760290873532
2025-01-16 21:45:00,-10.825004002941908
2025-01-16 22:00:00,-12.786841770244852
2025-01-16 22:15:00,-13.327613561767109
2025-01-16 22:30:00,-11.457415727143134
2025-01-16 22:45:00,-10.120141534437174
2025-01-16 23:00:00,-8.171978897538045
2025-01-16 23:15:00,-8.886112791374387
2025-01-16 23:30:00,-10.118239586709109
2025-01-16 23:45:00,-9.694184191491487
2025-01-17 00:00:00,-10.731646609102501
2025-01-17 00:15:00,-10.68828339702776
2025-01-17 00:30:00,-10.689131011712353
2025-01-17 00:45:00,-9.859941332592529
2025-01-17 01:00:00,-7.956885251033258
2025-01-17 01:15:00,-6.196167384312599
2025-01-17 01:30:00,-5.056057446137769
2025-01-17 01:45:00,-5.346412763509036
2025-01-17 02:00:00,-4.551790583174171
2025-01-17 02:15:00,-5.046964959727898
2025-01-17 02:30:00,-6.149399646730488
2025-01-17 02:45:00,-7.923172926840904
2025-01-17 03:00:00,-8.43719569789299
2025-01-17 03:15:00,-7.59891995992907
2025-01-17 03:30:00,-6.562148316142755
2025-01-17 03:45:00,-6.3433949803165826
2025-01-17 04:00:00,-5.463101552665285
2025-01-17 04:15:00,-6.006455245803855
2025-01-17 04:30:00,-3.792119639279019
2025-01-17 04:45:00,-3.517030733848774
2025-01-17 05:00:00,-3.81436311166469
2025-01-17 05:15:00,-2.8844775391428263
2025-01-17 05:30:00,-2.9844818583407453
2025-01-17 05:45:00,-2.470335454327969
2025-01-17 06:00:00,-0.5728614439495647
2025-01-17 06:15:00,-1.546015239235385
2025-01-17 06:30:00,-1.814513695162991
2025-01-17 06:45:00,-1.9386968042644948
2025-01-17 07:00:00,-1.7713633742902588
2025-01-17 07:15:00,0.6453674810492487
2025-01-17 07:30:00,1.7487952884032327
2025-01-17 07:45:00,3.2906785830059135
2025-01-17 08:00:00,0.06628821754792913
2025-01-17 08:15:00,0.7263232169444995
2025-01-17 08:30:00,1.0908565312464393
2025-01-17 08:45:00,1.7584772419107524
2025-01-17 09:00:00,1.7623372343529762
2025-01-17 09:15:00,0.9352595623218378
2025-01-17 09:30:00,1.8178021742496915
2025-01-17 09:45:00,1.5495863213590315
2025-01-17 10:00:00,1.5209726044888159
2025-01-17 10:15:00,0.7683396739062669
2025-01-17 10:30:00,0.5233862710526971
2025-01-17 10:45:00,1.1719132611086573
2025-01-17 11:00:00,2.127942261153038
2025-01-17 11:15:00,1.992916806240281
2025-01-17 11:30:00,1.9987921281927754
2025-01-17 11:45:00,1.6449207230880782
2025-01-17 12:00:00,2.6212955610787496
2025-01-17 12:15:00,1.9286097777805602
2025-01-17 12:30:00,1.4281672984554725
2025-01-17 12:45:00,1.4232230459998378
2025-01-17 13:00:00,0.7545191384209304
2025-01-17 13:15:00,0.9788125669543595
2025-01-17 13:30:00,2.816014146727668
2025-01-17 13:45:00,2.543020865199429
2025-01-17 14:00:00,4.063842392098117
2025-01-17 14:15:00,4.841908115361826
2025-01-17 14:30:00,4.660461889883467
2025-01-17 14:45:00,5.095498551828689
2025-01-17 15:00:00,6.404836475252989
2025-01-17 15:15:00,4.857452839757706
2025-01-17 15:30:00,5.255896451780265
2025-01-17 15:45:00,6.269518717822919
2025-01-17 16:00:00,4.818900316926749
2025-01-17 16:15:00,5.949996856894689
2025-01-17 16:30:00,6.1847075406171585
2025-01-17 16:45:00,4.6151411569273115
2025-01-17 17:00:00,4.6459714455747285
2025-01-17 17:15:00,2.389285411346246
2025-01-17 17:30:00,0.46504259110994894
2025-01-17 17:45:00,-1.723745891004537
2025-01-17 18:00:00,-1.6808263340951712
2025-01-17 18:15:00,-2.42569362841353
2025-01-17 18:30:00,-3.611129697196501
2025-01-17 18:45:00,-4.471816450891553
2025-01-17 19:00:00,-4.765959699552335
2025-01-17 19:15:00,-5.356445728787934
2025-01-17 19:30:00,-6.125366571403927
2025-01-17 19:45:00,-6.0651556403294995
2025-01-17 20:00:00,-7.357665235620099
2025-01-17 20:15:00,-8.091556783697698
2025-01-17 20:30:00,-6.734814702977324
2025-01-17 20:45:00,-6.427226501916068
2025-01-17 21:00:00,-8.739538375497268
2025-01-17 21:15:00,-6.875880296534454
2025-01-17 21:30:00,-8.009029529601488
2025-01-17 21:45:00,-6.050672963490964
2025-01-17 22:00:00,-6.064101685038465
2025-01-17 22:15:00,-5.020925217432966
2025-01-17 22:30:00,-7.337967739031284
2025-01-17 22:45:00,-8.330063258494317
2025-01-17 23:00:00,-9.111549780278882
2025-01-17 23:15:00,-9.749487721284822
2025-01-17 23:30:00,-10.61540747912531
2025-01-17 23:45:00,-11.246230653259444
2025-01-18 00:00:00,-11.220862247503378
2025-01-18 00:15:00,-11.777373209006349
2025-01-18 00:30:00,-11.736462548603285
2025-01-18 00:45:00,-11.106815429879445
2025-01-18 01:00:00,-13.028540076757317
2025-01-18 01:15:00,-12.99268315919328
2025-01-18 01:30:00,-13.828453225040988
2025-01-18 01:45:00,-13.55838338840379
2025-01-18 02:00:00,-12.436683659282219
2025-01-18 02:15:00,-13.768726196593963
2025-01-18 02:30:00,-13.803051003184649
2025-01-18 02:45:00,-12.250594585822906
2025-01-18 03:00:00,-10.607099465659466
2025-01-18 03:15:00,-10.919836823600166
2025-01-18 03:30:00,-9.495872423638222
2025-01-18 03:45:00,-8.844812039760868
2025-01-18 04:00:00,-8.499113371555643
2025-01-18 04:15:00,-8.82489372655456
2025-01-18 04:30:00,-8.191016439496572
2025-01-18 04:45:00,-7.086971642645574
2025-01-18 05:00:00,-7.635011567435779
2025-01-18 05:15:00,-6.785412181855848
2025-01-18 05:30:00,-7.9102547275429735
2025-01-18 05:45:00,-8.99996114904448
2025-01-18 06:00:00,-7.953249157674932
2025-01-18 06:15:00,-7.870106637295361
2025-01-18 06:30:00,-8.488556117408368
2025-01-18 06:45:00,-7.682110603386611
2025-01-18 07:00:00,-6.477070923711597
2025-01-18 07:15:00,-6.114415888906359
2025-01-18 07:30:00,-4.06452506869473
2025-01-18 07:45:00,-4.69229618235944
2025-01-18 08:00:00,-5.244912180269571
2025-01-18 08:15:00,-3.8864581576534847
2025-01-18 08:30:00,-4.895956978697452
2025-01-18 08:45:00,-3.8025327404902516
2025-01-18 09:00:00,-5.541769090166712
2025-01-18 09:15:00,-6.4581393183731794
2025-01-18 09:30:00,-6.3541081924464455
2025-01-18 09:45:00,-6.536312652030324
2025-01-18 10:00:00,-4.406591674886942
2025-01-18 10:15:00,-5.353029647479065
2025-01-18 10:30:00,-5.1569804584014705
2025-01-18 10:45:00,-4.752972978066156
2025-01-18 11:00:00,-4.691039288214572
2025-01-18 11:15:00,-3.1601401265907096
2025-01-18 11:30:00,-3.749716801681897
2025-01-18 11:45:00,-4.258528760479934
2025-01-18 12:00:00,-5.3136705313908665
2025-01-18 12:15:00,-4.105021153686008
2025-01-18 12:30:00,-3.705726538063714
2025-01-18 12:45:00,-3.3218486755971295
2025-01-18 13:00:00,-3.044594451073489
2025-01-18 13:15:00,-4.373897864428809
2025-01-18 13:30:00,-3.734290022587782
2025-01-18 13:45:00,-3.3544404659342657
2025-01-18 14:00:00,-1.6845780244878465
2025-01-18 14:15:00,-1.3134106991283674
2025-01-18 14:30:00,-2.4115078561712906
2025-01-18 14:45:00,-2.9002210138072595
2025-01-18 15:00:00,-0.8823272325895686
2025-01-18 15:15:00,-2.539201986262871
2025-01-18 15:30:00,-4.317803615946168
2025-01-18 15:45:00,-4.125703647327192
2025-01-18 16:00:00,-2.5271866397790523
2025-01-18 16:15:00,-2.6510063043357013
2025-01-18 16:30:00,-4.2554372480277065
2025-01-18 16:45:00,-1.8080121526154467
2025-01-18 17:00:00,-2.9970681865844093
2025-01-18 17:15:00,-2.2599621234612357
2025-01-18 17:30:00,-0.8333613763320162
2025-01-18 17:45:00,-1.0896978807466198
2025-01-18 18:00:00,-0.7394246431523843
2025-01-18 18:15:00,0.6203621974399152
2025-01-18 18:30:00,-1.3720806746857255
2025-01-18 18:45:00,-0.8181518634379987
2025-01-18 19:00:00,0.1707653705145873
2025-01-18 19:15:00,1.1929213124209106
2025-01-18 19:30:00,0.1740961891352404
2025-01-18 19:45:00,0.23323866204213672
2025-01-18 20:00:00,-0.9318974310017731
2025-01-18 20:15:00,-2.0712781140519727
2025-01-18 20:30:00,-3.5513933233931017
2025-01-18 20:45:00,-3.107097694006266
2025-01-18 21:00:00,-3.194182468666433
2025-01-18 21:15:00,-2.1625059541142617
2025-01-18 21:30:00,-5.347533759568568
2025-01-18 21:45:00,-6.6026758394694625
2025-01-18 22:00:00,-6.343796468644392
2025-01-18 22:15:00,-4.422725854366831
2025-01-18 22:30:00,-5.493964125277716
2025-01-18 22:45:00,-7.750757176928159
2025-01-18 23:00:00,-8.476712024157925
2025-01-18 23:15:00,-8.552235451093946
2025-01-18 23:30:00,-7.551863533677587
2025-01-18 23:45:00,-6.2133949461418085
2025-01-19 00:00:00,-5.4200505862516275
2025-01-19 00:15:00,-5.610170810971593
2025-01-19 00:30:00,-3.1823342698088304
2025-01-19 00:45:00,-4.1611888930865595
2025-01-19 01:00:00,-4.256847142177882
2025-01-19 01:15:00,-3.6294032484411973
2025-01-19 01:30:00,-4.325970180669422
2025-01-19 01:45:00,-4.6343316658886256
2025-01-19 02:00:00,-3.8776931735814872
2025-01-19 02:15:00,-4.972923229718473
2025-01-19 02:30:00,-5.14700415536434
2025-01-19 02:45:00,-5.257193696396078
2025-01-19 03:00:00,-2.4719206086755134
2025-01-19 03:15:00,-1.519692766760473
2025-01-19 03:30:00,-2.379106285494716
2025-01-19 03:45:00,-1.4714642156132047
2025-01-19 04:00:00,-2.730215476544447
2025-01-19 04:15:00,-2.1582641443747326
2025-01-19 04:30:00,-4.041931767491769
2025-01-19 04:45:00,-3.0108091606699077
2025-01-19 05:00:00,-3.067316196261362
2025-01-19 05:15:00,-4.484286059195031
2025-01-19 05:30:00,-3.753144129620833
2025-01-19 05:45:00,-2.542214684602012
2025-01-19 06:00:00,-1.9184653976541446
2025-01-19 06:15:00,-1.5663418007200893
2025-01-19 06:30:00,-2.9759615483928252
2025-01-19 06:45:00,-1.8080479448415065
2025-01-19 07:00:00,-4.197800921292555
2025-01-19 07:15:00,-4.579549266687104
2025-01-19 07:30:00,-1.939386059211666
2025-01-19 07:45:00,-3.3860798011898376
2025-01-19 08:00:00,-5.223069716514013
2025-01-19 08:15:00,-5.966121261988201
2025-01-19 08:30:00,-5.139693202736022
2025-01-19 08:45:00,-4.898176779105308
2025-01-19 09:00:00,-3.4016574797601233
2025-01-19 09:15:00,-3.0989747266065604
2025-01-19 09:30:00,-4.106395835997104
2025-01-19 09:45:00,-2.747343513824715
2025-01-19 10:00:00,-3.213069131763861
2025-01-19 10:15:00,-2.2148511916993665
2025-01-19 10:30:00,-0.42543845812328396
2025-01-19 10:45:00,0.23126082534963643
2025-01-19 11:00:00,1.7795339400006172
2025-01-19 11:15:00,0.2944261020671384
2025-01-19 11:30:00,-0.19956137419537856
2025-01-19 11:45:00,0.03630004886396776
2025-01-19 12:00:00,-1.3454734677548974
2025-01-19 12:15:00,0.26966827261345694
2025-01-19 12:30:00,1.6827488054913036
2025-01-19 12:45:00,2.120760535330504
2025-01-19 13:00:00,2.675851439886543
2025-01-19 13:15:00,2.335783503874178
2025-01-19 13:30:00,0.9033678905467375
2025-01-19 13:45:00,0.051921495848525456
2025-01-19 14:00:00,-0.346292868718554
2025-01-19 14:15:00,-0.17178946641361303
2025-01-19 14:30:00,-0.4480743409739074
2025-01-19 14:45:00,-0.2405004556785495
2025-01-19 15:00:00,-1.9344638325175314
2025-01-19 15:15:00,-2.8933203046490825
2025-01-19 15:30:00,-2.7381103491082697
2025-01-19 15:45:00,-1.6763306238215858
2025-01-19 16:00:00,-3.716944155610964
2025-01-19 16:15:00,-3.3710744818931766
2025-01-19 16:30:00,-2.591182357924841
2025-01-19 16:45:00,-2.794801301430625
2025-01-19 17:00:00,-2.830459723222056
2025-01-19 17:15:00,-3.4419691921886946
2025-01-19 17:30:00,-3.610202745629593
2025-01-19 17:45:00,-4.173089010485935
2025-01-19 18:00:00,-6.04243214659571
2025-01-19 18:15:00,-4.481556415383854
2025-01-19 18:30:00,-4.217945300512445
2025-01-19 18:45:00,-4.96086060408356
2025-01-19 19:00:00,-3.511075200885531
2025-01-19 19:15:00,-4.011287017204584
2025-01-19 19:30:00,-3.4198548507103883
2025-01-19 19:45:00,-5.562516257757769
2025-01-19 20:00:00,-6.348004048862599
2025-01-19 20:15:00,-5.135203700452474
2025-01-19 20:30:00,-3.5270735906385484
2025-01-19 20:45:00,-1.520170632588032
2025-01-19 21:00:00,-0.13459508005258503
2025-01-19 21:15:00,1.619781011176162
2025-01-19 21:30:00,0.3785744175345256
2025-01-19 21:45:00,-1.6377444910931684
2025-01-19 22:00:00,-4.7223329927294895
2025-01-19 22:15:00,-4.702990846062329
2025-01-19 22:30:00,-5.083236223402128
2025-01-19 22:45:00,-3.3517653488395034
2025-01-19 23:00:00,-3.76554571888267
2025-01-19 23:15:00,-1.961012935725277
2025-01-19 23:30:00,-4.007913384752058
2025-01-19 23:45:00,-2.0011236696676695
